{
    "train": [
        0.22568281263113022,
        0.23514540135860443,
        0.21874890327453613,
        0.2001795244216919,
        0.19354638427495956,
        0.1862606382369995,
        0.16424431413412094,
        0.17926169157028198,
        0.15492587089538574,
        0.14958725333213806,
        0.13225204825401306,
        0.11066267639398575,
        0.13746891915798187,
        0.1216445118188858,
        0.11384730786085129,
        0.14167539775371552,
        0.1309443861246109,
        0.10568281263113022,
        0.14514540135860443,
        0.11874890327453613,
        0.1301795244216919,
        0.12354638427495956,
        0.1262606382369995,
        0.10424431413412094,
        0.10926169157028198,
        0.10492587089538574,
        0.13958725333213806,
        0.15225204825401306,
        0.13188250362873077,
        0.13328079879283905,
        0.12311810255050659
    ],
    "val": [
        0.24475007275740306,
        0.22081176660153391,
        0.19239446994278587,
        0.20707388099802024,
        0.19659190841873276,
        0.21907466365651899,
        0.17869111791174247,
        0.1451286789275561,
        0.13772152698702282,
        0.12662877132915736,
        0.11552431203122702,
        0.12611286118757997,
        0.12625199380269966,
        0.12465089796081422,
        0.12639442564528666,
        0.12523292496511335,
        0.13730308560677518,
        0.12245858971824511,
        0.12314487211866143,
        0.12521834373211313,
        0.12475007275740306,
        0.12081176660153391,
        0.12239446994278587,
        0.11707388099802024,
        0.11659190841873276,
        0.11907466365651899,
        0.11869111791174247,
        0.11751286789275561,
        0.11772152698702282,
        0.11662877132915736,
        0.11552431203122702
    ]
}